Project,Accuracy,Precision,Recall,F1,AUC,Duration,Memory_KB
tensorflow,0.0009765625,0.0009765625,0.0009765625,0.0009765625,0.0009765625,0.0009765625,0.0009765625
caffe,0.0009765625,0.013671875,0.7216796875,0.001953125,0.7216796875,0.0009765625,0.0009765625
pytorch,0.0009765625,0.0009765625,0.2783203125,0.0009765625,0.2783203125,0.0009765625,0.0009765625
incubator-mxnet,0.0009765625,0.0009765625,0.2158203125,0.0009765625,0.2158203125,0.0009765625,0.0009765625
keras,0.0009765625,0.0009765625,0.0009765625,0.0009765625,0.0009765625,0.0009765625,0.0009765625
